author,email
Paul Bakaus         paul.bakaus@gmail.com
Paul Bakaus ,paul.bakaus@gmail.com
Richard Worth       rdworth@gmail.com   
Richard Worth ,rdworth@gmail.com
Yehuda Katz         wycats@gmail.com    
Yehuda Katz ,wycats@gmail.com
John Resig          jeresig@gmail.com   
John Resig ,jeresig@gmail.com
Tane Piper          piper.tane@gmail.com
Tane Piper ,piper.tane@gmail.com
Dmitri Gaskin       dmitrig01@gmail.com 
Dmitri Gaskin ,dmitrig01@gmail.com
Klaus Hartl         klaus.hartl@gmail.com
Klaus Hartl ,klaus.hartl@gmail.com
Stefan Petre        stefan.petre@gmail.com
Stefan Petre ,stefan.petre@gmail.com
Jörn Zaefferer     joern.zaefferer@gmail.com
Jörn Zaefferer ,joern.zaefferer@gmail.com
Brandon Aaron       brandon.aaron@gmail.com
Brandon Aaron ,brandon.aaron@gmail.com
Scott González     scott.gonzalez@gmail.com
Scott González ,scott.gonzalez@gmail.com
Eduardo Lundgren    eduardolundgren@gmail.com
Eduardo Lundgren ,eduardolundgren@gmail.com
Aaron Eisenberger   aaronchi@gmail.com  
Aaron Eisenberger ,aaronchi@gmail.com
Joan Piedra         theneojp@gmail.com  
Joan Piedra ,theneojp@gmail.com
Bruno Basto         b.basto@gmail.com   
Bruno Basto ,b.basto@gmail.com
Bohdan Ganicky      bohdan.ganicky@gmail.com
Bohdan Ganicky ,bohdan.ganicky@gmail.com
David Bolter        david.bolter@gmail.com
David Bolter ,david.bolter@gmail.com
Chi Cheng           cloudream@gmail.com 
Chi Cheng ,cloudream@gmail.com
Ca-Phun Ung         pazu2k@gmail.com    
Ca-Phun Ung ,pazu2k@gmail.com
Ariel Flesler       aflesler@gmail.com  
Ariel Flesler ,aflesler@gmail.com
Scott Jehl          scottjehl@gmail.com 
Scott Jehl ,scottjehl@gmail.com
Brant Burnett       btburnett3@gmail.com
Brant Burnett ,btburnett3@gmail.com
Paul Irish          paul.irish@gmail.com
Paul Irish ,paul.irish@gmail.com
Ralph Whitbeck      ralph.whitbeck@gmail.com
Ralph Whitbeck ,ralph.whitbeck@gmail.com
Thibault Duplessis  thibault.duplessis@gmail.com
Thibault Duplessis ,thibault.duplessis@gmail.com
Jack Hsu            jack.hsu@gmail.com  
Jack Hsu ,jack.hsu@gmail.com
Alberto Fernández Capel afcapel@gmail.com   
Alberto Fernández Capel ,afcapel@gmail.com
Jon Palmer          jonspalmer@gmail.com
Jon Palmer ,jonspalmer@gmail.com
Tiago Freire        tiago.freire@gmail.com
Tiago Freire ,tiago.freire@gmail.com
Diego Tres          diegotres@gmail.com 
Diego Tres ,diegotres@gmail.com
Ziling Zhao         zilingzhao@gmail.com
Ziling Zhao ,zilingzhao@gmail.com
Mike Alsup          malsup@gmail.com    
Mike Alsup ,malsup@gmail.com
Robson Braga Araujo robsonbraga@gmail.com
Robson Braga Araujo ,robsonbraga@gmail.com
Pierre-Henri Ausseil ph.ausseil@gmail.com
Pierre-Henri Ausseil ,ph.ausseil@gmail.com
Christopher McCulloh cmcculloh@gmail.com 
Christopher McCulloh ,cmcculloh@gmail.com
Lim Chee Aun        cheeaun@gmail.com   
Lim Chee Aun ,cheeaun@gmail.com
Jorge Barreiro      yortx.barry@gmail.com
Jorge Barreiro ,yortx.barry@gmail.com
Andrey Kapitcyn     ru.m157y@gmail.com  
Andrey Kapitcyn ,ru.m157y@gmail.com
Dmitry Petrov       dpetroff@gmail.com  
Dmitry Petrov ,dpetroff@gmail.com
Josh Varner         josh.varner@gmail.com
Josh Varner ,josh.varner@gmail.com
Stéphane Raimbault stephane.raimbault@gmail.com
Stéphane Raimbault ,stephane.raimbault@gmail.com
Jay Merrifield      fracmak@gmail.com   
Jay Merrifield ,fracmak@gmail.com
J. Ryan Stinnett    jryans@gmail.com    
J. Ryan Stinnett ,jryans@gmail.com
Alex Dovenmuehle    adovenmuehle@gmail.com
Alex Dovenmuehle ,adovenmuehle@gmail.com
Raymond Schwartz    skeetergraphics@gmail.com
Raymond Schwartz ,skeetergraphics@gmail.com
Phillip Barnes      philbar@gmail.com   
Phillip Barnes ,philbar@gmail.com
Doug Blood          dougblood@gmail.com 
Doug Blood ,dougblood@gmail.com
Aliaksandr Rahalevich saksmlz@gmail.com   
Aliaksandr Rahalevich ,saksmlz@gmail.com
Xavi Ramirez        xavi.rmz@gmail.com  
Xavi Ramirez ,xavi.rmz@gmail.com
Max Schnur          max.schnur@gmail.com
Max Schnur ,max.schnur@gmail.com
Saji Nediyanchath   saji89@gmail.com    
Saji Nediyanchath ,saji89@gmail.com
Corey Frang         gnarf37@gmail.com   
Corey Frang ,gnarf37@gmail.com
George Marshall     echosx@gmail.com    
George Marshall ,echosx@gmail.com
Martin Solli        msolli@gmail.com    
Martin Solli ,msolli@gmail.com
Dan Heberden        danheberden@gmail.com
Dan Heberden ,danheberden@gmail.com
William Kevin Manire williamkmanire@gmail.com
William Kevin Manire ,williamkmanire@gmail.com
Gilmore Davidson    gilmoreorless@gmail.com
Gilmore Davidson ,gilmoreorless@gmail.com
Michael Wu          michaelmwu@gmail.com
Michael Wu ,michaelmwu@gmail.com
Adam Parod          mystic414@gmail.com 
Adam Parod ,mystic414@gmail.com
Marcel Toele        EleotleCram@gmail.com
Marcel Toele ,EleotleCram@gmail.com
Kyle Florence       kyle.florence@gmail.com
Kyle Florence ,kyle.florence@gmail.com
Hans Hillen         hans.hillen@gmail.com
Hans Hillen ,hans.hillen@gmail.com
Trey Hunner         treyhunner@gmail.com
Trey Hunner ,treyhunner@gmail.com
Shane Whittet       whittet@gmail.com   
Shane Whittet ,whittet@gmail.com
Kato Kazuyoshi      kato.kazuyoshi@gmail.com
Kato Kazuyoshi ,kato.kazuyoshi@gmail.com
Eike Send           eike.send@gmail.com 
Eike Send ,eike.send@gmail.com
Kris Borchers       kris.borchers@gmail.com
Kris Borchers ,kris.borchers@gmail.com
Israel Tsadok       itsadok@gmail.com   
Israel Tsadok ,itsadok@gmail.com
Garrison Locke      gplocke@gmail.com   
Garrison Locke ,gplocke@gmail.com
Benjamin Scott Boyle benjamins.boyle@gmail.com
Benjamin Scott Boyle ,benjamins.boyle@gmail.com
Jesse Baird         jebaird@gmail.com   
Jesse Baird ,jebaird@gmail.com
Jonathan Vingiano   jvingiano@gmail.com 
Jonathan Vingiano ,jvingiano@gmail.com
Hiroshi Tomita      tomykaira@gmail.com 
Hiroshi Tomita ,tomykaira@gmail.com
Glenn Goodrich      glenn.goodrich@gmail.com
Glenn Goodrich ,glenn.goodrich@gmail.com
Tarafder Ashek-E-Elahi mail.ashek@gmail.com
Tarafder Ashek-E-Elahi ,mail.ashek@gmail.com
Marc Neuwirth       marc.neuwirth@gmail.com
Marc Neuwirth ,marc.neuwirth@gmail.com
Philip Graham       philip.robert.graham@gmail.com
Philip Graham ,philip.robert.graham@gmail.com
Wesley Walser       waw325@gmail.com    
Wesley Walser ,waw325@gmail.com
Karl Kirch          karlkrch@gmail.com  
Karl Kirch ,karlkrch@gmail.com
Alexander Polomoshnov alex.polomoshnov@gmail.com
Alexander Polomoshnov ,alex.polomoshnov@gmail.com
David Leal          dgleal@gmail.com    
David Leal ,dgleal@gmail.com
Igor Milla          igor.fsp.milla@gmail.com
Igor Milla ,igor.fsp.milla@gmail.com
Dave Methvin        dave.methvin@gmail.com
Dave Methvin ,dave.methvin@gmail.com
Marwan Al Jubeh     marwan.aljubeh@gmail.com
Marwan Al Jubeh ,marwan.aljubeh@gmail.com
Gaëtan Muller      m.gaetan89@gmail.com
Gaëtan Muller ,m.gaetan89@gmail.com
Stojce Slavkovski   stojce@gmail.com    
Stojce Slavkovski ,stojce@gmail.com
David Soms          david.soms@gmail.com
David Soms ,david.soms@gmail.com
Shannon Pekary      spekary@gmail.com   
Shannon Pekary ,spekary@gmail.com
Rob Loach           robloach@gmail.com  
Rob Loach ,robloach@gmail.com
Alberto Monteiro    betimbrasil@gmail.com
Alberto Monteiro ,betimbrasil@gmail.com
Alex Rhea           alex.rhea@gmail.com 
Alex Rhea ,alex.rhea@gmail.com
Krzysztof Rosiński rozwell69@gmail.com 
Krzysztof Rosiński ,rozwell69@gmail.com
Ryan Olton          oltonr@gmail.com    
Ryan Olton ,oltonr@gmail.com
Rick Waldron        waldron.rick@gmail.com
Rick Waldron ,waldron.rick@gmail.com
Ian Simpson         spoonlikesham@gmail.com
Ian Simpson ,spoonlikesham@gmail.com
Lev Kitsis          spam4lev@gmail.com  
Lev Kitsis ,spam4lev@gmail.com
TJ VanToll          tj.vantoll@gmail.com
TJ VanToll ,tj.vantoll@gmail.com
Justin Domnitz      jdomnitz@gmail.com  
Justin Domnitz ,jdomnitz@gmail.com
Jasvir Nagra        jasvir@gmail.com    
Jasvir Nagra ,jasvir@gmail.com
Yuriy Khabarov      13real008@gmail.com 
Yuriy Khabarov ,13real008@gmail.com
Harri Kilpiö       harri.kilpio@gmail.com
Harri Kilpiö ,harri.kilpio@gmail.com
Lado Lomidze        lado.lomidze@gmail.com
Lado Lomidze ,lado.lomidze@gmail.com
Simon Sattes        simon.sattes@gmail.com
Simon Sattes ,simon.sattes@gmail.com
Jo Liss             joliss42@gmail.com  
Jo Liss ,joliss42@gmail.com
Shahyar Ghobadpour  shahyar@gmail.com   
Shahyar Ghobadpour ,shahyar@gmail.com
Lukasz Lipinski     uzza17@gmail.com    
Lukasz Lipinski ,uzza17@gmail.com
Timo Tijhof         krinklemail@gmail.com
Timo Tijhof ,krinklemail@gmail.com
EungJun Yi          semtlenori@gmail.com
EungJun Yi ,semtlenori@gmail.com
Courtland Allen     courtlandallen@gmail.com
Courtland Allen ,courtlandallen@gmail.com
Viktar Varvanovich  non4eg@gmail.com    
Viktar Varvanovich ,non4eg@gmail.com
Danny Trunk         dtrunk90@gmail.com  
Danny Trunk ,dtrunk90@gmail.com
Michael Stay        metaweta@gmail.com  
Michael Stay ,metaweta@gmail.com
Steven Roussey      sroussey@gmail.com  
Steven Roussey ,sroussey@gmail.com
Michael Hollis      hollis21@gmail.com  
Michael Hollis ,hollis21@gmail.com
Timmy Willison      timmywillisn@gmail.com
Timmy Willison ,timmywillisn@gmail.com
Karl Swedberg       kswedberg@gmail.com 
Karl Swedberg ,kswedberg@gmail.com
Maciej Mroziński   maciej.k.mrozinski@gmail.com
Maciej Mroziński ,maciej.k.mrozinski@gmail.com
Luis Dalmolin       luis.nh@gmail.com   
Luis Dalmolin ,luis.nh@gmail.com
Mark Aaron Shirley  maspwr@gmail.com    
Mark Aaron Shirley ,maspwr@gmail.com
Jiayi Yang          tr870829@gmail.com  
Jiayi Yang ,tr870829@gmail.com
Sindre Sorhus       sindresorhus@gmail.com
Sindre Sorhus ,sindresorhus@gmail.com
Rafael Xavier de Souza rxaviers@gmail.com  
Rafael Xavier de Souza ,rxaviers@gmail.com
Robert Beuligmann   robertbeuligmann@gmail.com
Robert Beuligmann ,robertbeuligmann@gmail.com
Dale Kocian         dale.kocian@gmail.com
Dale Kocian ,dale.kocian@gmail.com
Mike Sherov         mike.sherov@gmail.com
Mike Sherov ,mike.sherov@gmail.com
David Souther       davidsouther@gmail.com
David Souther ,davidsouther@gmail.com
Avinash R           nashpapa@gmail.com  
Avinash R ,nashpapa@gmail.com
Ethan Romba         ethanromba@gmail.com
Ethan Romba ,ethanromba@gmail.com
Cory Gackenheimer   cory.gack@gmail.com 
Cory Gackenheimer ,cory.gack@gmail.com
Juan Pablo Kaniefsky jpkaniefsky@gmail.com
Juan Pablo Kaniefsky ,jpkaniefsky@gmail.com
Roman Salnikov      bardt.dz@gmail.com  
Roman Salnikov ,bardt.dz@gmail.com
Viktor Kojouharov   vkojouharov@gmail.com
Viktor Kojouharov ,vkojouharov@gmail.com
Pavel Selitskas     p.selitskas@gmail.com
Pavel Selitskas ,p.selitskas@gmail.com
David Sullivan      david.sullivan@gmail.com
David Sullivan ,david.sullivan@gmail.com
Vahid Sohrabloo     vahid4134@gmail.com 
Vahid Sohrabloo ,vahid4134@gmail.com
Travis Carden       travis.carden@gmail.com
Travis Carden ,travis.carden@gmail.com
Nathanael Silverman nathanael.silverman@gmail.com
Nathanael Silverman ,nathanael.silverman@gmail.com
Zaven Muradyan      megalivoithos@gmail.com
Zaven Muradyan ,megalivoithos@gmail.com
Zbigniew Motyka     zbigniew.motyka@gmail.com
Zbigniew Motyka ,zbigniew.motyka@gmail.com
Suhail Alkowaileet  xsoh.k7@gmail.com   
Suhail Alkowaileet ,xsoh.k7@gmail.com
David Hansen        hansede@gmail.com   
David Hansen ,hansede@gmail.com
Brian Grinstead     briangrinstead@gmail.com
Brian Grinstead ,briangrinstead@gmail.com
Christian Klammer   christian314159@gmail.com
Christian Klammer ,christian314159@gmail.com
Gan Eng Chin        engchin.gan@gmail.com
Gan Eng Chin ,engchin.gan@gmail.com
Alexander Schmitz   arschmitz@gmail.com 
Alexander Schmitz ,arschmitz@gmail.com
Pere Orga           gotrunks@gmail.com  
Pere Orga ,gotrunks@gmail.com
Stephane Deschamps  stephane.deschamps@gmail.com
Stephane Deschamps ,stephane.deschamps@gmail.com
Jyoti Deka          dekajp@gmail.com    
Jyoti Deka ,dekajp@gmail.com
Andrei Picus        office.nightcrawler@gmail.com
Andrei Picus ,office.nightcrawler@gmail.com
Jacob McCutcheon    jacob.mccutcheon@gmail.com
Jacob McCutcheon ,jacob.mccutcheon@gmail.com
Monika Piotrowicz   monika.piotrowicz@gmail.com
Monika Piotrowicz ,monika.piotrowicz@gmail.com
Eric Dahl           eric.c.dahl@gmail.com
Eric Dahl ,eric.c.dahl@gmail.com
Daniel DeGroff      djdegroff@gmail.com 
Daniel DeGroff ,djdegroff@gmail.com
Michael Wiencek     mwtuea@gmail.com    
Michael Wiencek ,mwtuea@gmail.com
Thomas Meyer        meyertee@gmail.com  
Thomas Meyer ,meyertee@gmail.com
Trisha Crowley      trisha.crowley@gmail.com
Trisha Crowley ,trisha.crowley@gmail.com
Usman Akeju         akeju00+github@gmail.com
Usman Akeju ,akeju00+github@gmail.com
Rodrigo Menezes     rod333@gmail.com    
Rodrigo Menezes ,rod333@gmail.com
Will Holley         willholley@gmail.com
Will Holley ,willholley@gmail.com
Uri Gilad           antishok@gmail.com  
Uri Gilad ,antishok@gmail.com
Richard Gibson      richard.gibson@gmail.com
Richard Gibson ,richard.gibson@gmail.com
Simen Bekkhus       sbekkhus91@gmail.com
Simen Bekkhus ,sbekkhus91@gmail.com
Chen Eshchar        eshcharc@gmail.com  
Chen Eshchar ,eshcharc@gmail.com
Bruno Pérel        brunoperel@gmail.com
Bruno Pérel ,brunoperel@gmail.com
Adam Foster         slimfoster@gmail.com
Adam Foster ,slimfoster@gmail.com
Luke Page           luke.a.page@gmail.com
Luke Page ,luke.a.page@gmail.com
Patricia Juarez     patrixd@gmail.com   
Patricia Juarez ,patrixd@gmail.com
Ablay Keldibek      atomio.ak@gmail.com 
Ablay Keldibek ,atomio.ak@gmail.com
Jiabao Wu           jiabao.foss@gmail.com
Jiabao Wu ,jiabao.foss@gmail.com
Victor Homyakov     vkhomyackov@gmail.com
Victor Homyakov ,vkhomyackov@gmail.com
Myeongjin Lee       aranet100@gmail.com 
Myeongjin Lee ,aranet100@gmail.com
Liran Sharir        lsharir@gmail.com   
Liran Sharir ,lsharir@gmail.com
Mani Mishra         manimishra902@gmail.com
Mani Mishra ,manimishra902@gmail.com
Hannah Methvin      hannahmethvin@gmail.com
Hannah Methvin ,hannahmethvin@gmail.com
Leonardo Balter     leonardo.balter@gmail.com
Leonardo Balter ,leonardo.balter@gmail.com
Michał Gołębiowski m.goleb@gmail.com   
Michał Gołębiowski ,m.goleb@gmail.com
Alyosha Pushak      alyosha.pushak@gmail.com
Alyosha Pushak ,alyosha.pushak@gmail.com
Francesc Baeta      francesc.baeta@gmail.com
Francesc Baeta ,francesc.baeta@gmail.com
Mukul Hase          mukulhase@gmail.com 
Mukul Hase ,mukulhase@gmail.com
Maksim Ryzhikov     rv.maksim@gmail.com 
Maksim Ryzhikov ,rv.maksim@gmail.com
Amanpreet Singh     apsdehal@gmail.com  
Amanpreet Singh ,apsdehal@gmail.com
Alexey Balchunas    bleshik@gmail.com   
Alexey Balchunas ,bleshik@gmail.com
Peter Kehl          peter.kehl@gmail.com
Peter Kehl ,peter.kehl@gmail.com
